<?xml version="1.0" encoding="UTF-8"?>
<beans xmlns="http://www.springframework.org/schema/beans"
	xmlns:xsi="http://www.w3.org/2001/XMLSchema-instance"
	xmlns:mybatis-spring="http://mybatis.org/schema/mybatis-spring" 
	xsi:schemaLocation="http://mybatis.org/schema/mybatis-spring http://mybatis.org/schema/mybatis-spring-1.2.xsd
		http://www.springframework.org/schema/beans https://www.springframework.org/schema/beans/spring-beans.xsd">
	
	

	<bean class="com.zaxxer.hikari.HikariConfig" id="hikariConfig">
	<property name="driverClassName" value="com.mysql.jdbc.Driver"/>
	<property name="jdbcUrl" value="jdbc:mysql://project-db-cgi.smhrd.com:3307/ccu"/>
	<property name="username" value="ccu"/>
	<property name="password" value="ccu1"/>
	</bean>
	
	<bean class="com.zaxxer.hikari.HikariDataSource" id="dataSource">
	<constructor-arg ref="hikariConfig"/>
	</bean>
	
	<bean class = "org.mybatis.spring.SqlSessionFactoryBean">
	<property name="dataSource" ref="dataSource"/>
	</bean>
	
	<mybatis-spring:scan base-package="kr.smhrd.mapper"/>
	
	
	
			
</beans>